GEN_NUMB;BEST_FITNESS;MID_FITNESS;WORST_FITNESS
1;0.476714;0.2911652;0.1664269;
2;0.476714;0.2967773;0.1732555;
3;0.4438497;0.3137294;0.1880968;
4;0.5380319;0.3238319;0.1830249;
5;0.5767654;0.3611788;0.2008719;
6;0.5901849;0.3861293;0.2040189;
7;0.5901849;0.3893757;0.2133684;
8;0.5901849;0.3934654;0.1938609;
9;0.5901849;0.3999952;0.1757858;
10;0.5636114;0.3973019;0.1757858;
11;0.5709193;0.3986557;0.2125132;
12;0.5709193;0.4051851;0.2314716;
13;0.5709193;0.4158903;0.1879347;
14;0.6564673;0.4180356;0.2303012;
15;0.5709193;0.4170214;0.2301594;
16;0.5709193;0.4050205;0.2679288;
17;0.6008435;0.408636;0.1456766;
18;0.6008435;0.414641;0.1456766;
19;0.6008435;0.4163013;0.2281093;
20;0.6008435;0.4177061;0.2125969;
21;0.5026841;0.4142936;0.2114192;
22;0.4956471;0.4017939;0.2299851;
23;0.4956471;0.4048346;0.2040989;
24;0.4917901;0.3982214;0.2437707;
25;0.5355763;0.404623;0.2339252;
26;0.4808837;0.4031096;0.2404246;
27;NaN;0.404623;0.2327773;
28;0.5175706;0.4087104;0.2257389;
29;0.5409452;0.4148446;0.2383072;
30;0.5570576;0.4216281;0.2625789;
31;0.5570576;0.4219055;0.2461368;
32;0.5570576;0.4191721;0.2232214;
33;0.5672244;0.4240837;0.2499936;
34;0.7041363;0.4311358;0.2076141;
35;0.7041363;0.4265783;0.2935964;
36;0.7041363;0.4344371;0.1977021;
37;0.7041363;0.4386007;0.174105;
38;0.7041363;0.4410852;0.2564269;
39;0.558063;0.4413232;0.2564269;
40;0.5870641;0.4421778;0.2749503;
41;0.7169713;0.4523849;0.2749503;
42;0.7487732;0.4469453;0.2816535;
43;0.7487732;0.4450428;0.2547436;
44;0.7487732;0.443883;0.220962;
45;0.7487732;0.4388751;0.2514743;
46;0.7490246;0.4388281;0.2479983;
47;0.7490246;0.4384763;0.1998651;
48;0.7490246;0.447452;0.2408514;
49;0.7582432;0.4545847;0.2175673;
50;0.7582432;0.4576003;0.2561825;
51;0.7582432;0.4571851;0.2370443;
52;0.7582432;0.4661575;0.2829093;
53;0.7582432;0.4767781;0.2742583;
54;0.7582432;0.4999499;0.2742583;
55;0.7582432;0.5301646;0.242756;
56;0.7912825;0.5275719;0.2150246;
57;0.7912825;0.5535796;0.2560379;
58;0.7912825;0.5870938;0.2736489;
59;0.7912825;0.6197948;0.2933722;
60;0.7912825;0.634385;0.2933722;
61;0.7912825;0.6281199;0.1880335;
62;0.7912825;0.6259512;0.2708522;
63;0.7912825;0.6493704;0.2708522;
64;0.7912825;0.672012;0.2521804;
65;0.7802545;0.672012;0.2521804;
66;0.7802545;0.6681266;0.2521804;
67;0.7782401;0.6607415;0.2643449;
68;0.7782401;0.6655567;0.3136312;
69;0.7782401;0.6655567;0.3738456;
70;0.7782401;0.6681266;0.3215752;
71;0.7757477;0.6782294;0.2909509;
72;0.7757477;0.672012;0.2874691;
73;0.7778807;0.6867646;0.3112872;
74;0.7778807;0.6627913;0.2799834;
75;0.7807899;0.6720198;0.3078104;
76;0.7807899;0.6745755;0.3598967;
77;0.7807899;0.6647591;0.3530819;
78;0.7830638;0.6754946;0.314052;
79;0.7928076;0.6754946;0.314052;
80;0.7830638;0.6592141;0.3140705;
81;0.7830638;0.6675615;0.2905289;
82;0.7830638;0.6559646;0.2828773;
83;0.7830638;0.6760078;0.3004131;
84;0.7830638;0.6733455;0.3125052;
85;0.7830638;0.6572187;0.2818842;
86;0.7817903;0.6675615;0.3322562;
87;0.7817903;0.6831518;0.3233609;
88;0.7887748;0.6716515;0.3233609;
89;0.7887748;0.6673914;0.2698045;
90;0.7887748;0.6831286;0.2698045;
91;0.7887748;0.6714544;0.3018274;
92;0.7887748;0.6613219;0.3060467;
93;0.7887748;0.6576188;0.3060467;
94;0.7887748;0.6539159;0.3060467;
95;0.7887748;0.6660174;0.2875215;
96;0.7887748;0.6679623;0.292984;
97;0.7791445;0.6750973;0.235309;
98;0.7791445;0.6933181;0.3636317;
99;0.7791445;0.7231752;0.2928273;
100;0.7791445;0.7142451;0.240675;
101;0.7822457;0.7142451;0.3185356;
102;0.7822457;0.7165284;0.3033066;
103;0.7822457;0.703678;0.3033066;
104;0.7822457;0.6885174;0.3024873;
105;0.7822457;0.7016631;0.2828401;
106;0.7822457;0.7016631;0.3294784;
107;0.7822457;0.6913252;0.3294784;
108;0.7810146;0.703678;0.2860125;
109;0.7939698;0.7118233;0.304424;
110;0.7939698;0.7303489;0.3316101;
111;0.7939698;0.728449;0.3589707;
112;0.7939698;0.7231752;0.357586;
113;0.7954621;0.7273194;0.2715804;
114;0.7954621;0.7263255;0.26;
115;0.7954621;0.7257707;0.3244956;
116;0.7954621;0.6886268;0.3215884;
117;0.7954621;0.7103928;0.255441;
118;0.7810146;0.7271073;0.3294973;
119;0.7810146;0.7210581;0.3084714;
120;0.7810146;0.7240829;0.3388776;
121;0.7810146;0.7103928;0.3309917;
122;0.7810146;0.6647065;0.3199706;
123;0.7810146;0.6641131;0.2728675;
124;0.7856644;0.6602225;0.3649637;
125;0.7958212;0.6641131;0.2610404;
126;0.7856644;0.6782375;0.2905796;
127;0.7856644;0.7185754;0.2743796;
128;0.7989439;0.6869457;0.2743796;
129;0.7989439;0.7036155;0.3169073;
130;0.7989439;0.7222285;0.3074876;
131;0.7989439;0.7071614;0.3002377;
132;0.7989439;0.7102829;0.3517321;
133;0.7989439;0.7131807;0.3723964;
134;0.7989439;0.7252737;0.3144138;
135;0.7887532;0.7197625;0.2771254;
136;0.7887532;0.7145724;0.2385787;
137;0.7913575;0.7167864;0.2385787;
138;0.7913575;0.6926091;0.3023556;
139;0.7913575;0.7197625;0.335415;
140;0.7986951;0.7197625;0.3396842;
141;0.7986951;0.7149318;0.2621693;
142;0.7986951;0.7286985;0.3213983;
143;0.7986951;0.7322072;0.3588749;
144;0.7986951;0.7199361;0.3325791;
145;0.7986951;0.7360284;0.3316422;
146;0.7986951;0.7301382;0.2772357;
147;0.7965662;0.7199361;0.2772357;
148;0.7965662;0.7205355;0.2772357;
149;0.7965662;0.7190601;0.323855;
150;0.7965662;0.6723294;0.300847;
151;0.7965662;0.6572474;0.2714683;
152;0.7965662;0.702554;0.2714683;
153;0.7965662;0.7134948;0.2080436;
154;0.7965662;0.6810193;0.3497431;
155;0.7965662;0.6665505;0.2569941;
156;0.7965662;0.6613408;0.3018437;
157;0.7965662;0.6529462;0.2887985;
158;0.7965662;0.663614;0.2781374;
159;0.7965662;0.6653965;0.3139817;
160;0.7965662;0.6661582;0.2875856;
161;0.7965662;0.6728953;0.2875856;
162;0.7930703;0.7228578;0.2776426;
163;0.7930703;0.7113638;0.2875856;
164;0.7930703;0.6775271;0.2875856;
165;0.7930703;0.6727023;0.2875856;
166;0.7930703;0.6789132;0.298078;
167;0.7930703;0.679822;0.298078;
168;0.7930703;0.6727023;0.2972998;
169;0.7912537;0.6820908;0.2972998;
170;0.7912537;0.7054206;0.3257077;
171;0.7887256;0.6685375;0.3161384;
172;0.7974774;0.6789132;0.2180657;
173;0.7974774;0.7001483;0.3008639;
174;0.7949767;0.7107974;0.3008639;
175;0.7949767;0.723418;0.3239079;
176;0.7867735;0.7206242;0.3187072;
177;0.7965645;0.7107974;0.320991;
178;0.7965645;0.6984707;0.3191798;
179;0.7891983;0.6814895;0.2883645;
180;0.7875854;0.6971007;0.3191798;
181;0.7896564;0.7113965;0.3224217;
182;0.7896564;0.686924;0.3136906;
183;0.7896564;0.7134073;0.3136906;
184;0.7875854;0.6850872;0.3136906;
185;0.7867407;0.6679356;0.3104573;
186;0.7816221;0.6561921;0.3136906;
187;0.7816221;0.6539007;0.3187909;
188;0.7816221;0.6597545;0.2806373;
189;0.8038532;0.6808328;0.2935012;
190;0.7869776;0.6740483;0.2935012;
191;0.7828726;0.6755832;0.1662387;
192;0.7808259;0.6891569;0.3132191;
193;0.7808259;0.6882184;0.2795666;
194;0.7808259;0.712437;0.331738;
195;0.7808259;0.712437;0.3347009;
196;0.790415;0.726427;0.2982347;
197;0.790415;0.7289875;0.2310495;
198;0.7916093;0.7291138;0.2310495;
199;0.7916093;0.7278;0.2310495;
200;0.7916093;0.6796176;0.3099319;
201;0.7916093;0.6959774;0.3706039;
202;0.7916093;0.69524;0.3281538;
203;0.7916093;0.6836063;0.2770169;
204;0.7916093;0.6753466;0.2856291;
205;0.7916093;0.6744474;0.2908215;
206;0.7916093;0.6744474;0.2340537;
207;0.7916093;0.6954018;0.2641541;
208;0.8043789;0.6811416;0.2806008;
209;0.8043789;0.6489125;0.2806008;
210;0.8043789;0.6591538;0.3415337;
211;0.8043789;0.6929973;0.2888434;
212;0.8043789;0.6564528;0.2888434;
213;0.8043789;0.6337875;0.2891107;
214;0.8043789;0.6636106;0.2963034;
215;0.8043789;0.6525964;0.1981708;
216;0.8043789;0.6499173;0.1899028;
217;0.8043789;0.6538065;0.2855197;
218;0.8043789;0.6839302;0.2697676;
219;0.8043789;0.6646811;0.2892321;
220;0.7943928;0.6650757;0.3714578;
221;0.7943928;0.6925;0.244116;
222;0.7943928;0.6938952;0.2828442;
223;0.7943928;0.718125;0.3120944;
224;0.7871104;0.6793118;0.2414719;
225;0.7893375;0.697645;0.2606758;
226;0.7906588;0.6628659;0.2857885;
227;0.7906588;0.6764663;0.2857885;
228;0.7906588;0.6538745;0.3144145;
229;0.7906588;0.6639979;0.2597305;
230;0.7906588;0.6722659;0.2356677;
231;0.7851629;0.6489032;0.2356677;
232;0.7851629;0.6572376;0.2526531;
233;0.7938669;0.6650574;0.227447;
234;0.7938669;0.6603283;0.2985053;
235;0.7851629;0.6751755;0.2985053;
236;0.7851629;0.6761849;0.3726435;
237;0.8084721;0.6849528;0.2603134;
238;0.8084721;0.6999057;0.3011597;
239;0.7969558;0.6835291;0.311085;
240;0.7969558;0.6835291;0.298593;
241;0.7969558;0.6833313;0.298593;
242;0.7934836;0.6758271;0.3177088;
243;0.7934836;0.6937094;0.2509217;
244;0.7934836;0.6833313;0.2556558;
245;0.7934836;0.6821385;0.2619466;
246;0.7852932;0.6946518;0.3626829;
247;0.8020107;0.7080982;0.2741331;
248;0.8020107;0.7014604;0.329781;
249;0.8020107;0.6837243;0.337183;
250;0.7944211;0.6819834;0.3427274;
251;0.7937353;0.6729418;0.3059728;
252;0.7944846;0.6954058;0.3292373;
253;0.7944846;0.7182935;0.3292373;
254;0.7944846;0.7161505;0.3292373;
255;0.7944846;0.6867027;0.2661646;
256;0.7944846;0.6759864;0.3138735;
257;0.7944846;0.708012;0.2706215;
258;0.7944846;0.7182935;0.2843743;
259;0.7944846;0.6965418;0.2281536;
260;0.7944846;0.7205566;0.3446689;
261;0.7944846;0.7088124;0.3440508;
262;0.7913399;0.7191402;0.2925456;
263;0.7913399;0.7191402;0.3379751;
264;0.7913399;0.6771469;0.3014232;
265;0.7889053;0.6903225;0.26019;
266;0.7889053;0.6916915;0.26019;
267;0.7889053;0.6775242;0.26019;
268;0.7889053;0.6883894;0.3008728;
269;0.7855796;0.6682849;0.3394212;
270;0.7912619;0.6814831;0.206196;
271;0.7977515;0.6845012;0.3614647;
272;0.7977515;0.6637853;0.3724288;
273;0.7977515;0.6543833;0.2602706;
274;0.7977515;0.6562337;0.2602706;
275;0.7921614;0.651896;0.3142025;
276;0.7867743;0.6562337;0.3142025;
277;0.7867743;0.679265;0.3563424;
278;0.7867743;0.7044479;0.2951817;
279;0.7867743;0.7045631;0.2755707;
280;0.7867743;0.7224486;0.2755707;
281;0.791763;0.7411681;0.3708719;
282;0.791763;0.7333702;0.3591371;
283;0.7943528;0.7331702;0.3626004;
284;0.7916392;0.7291778;0.3179707;
285;0.7977576;0.7157407;0.3179707;
286;0.7977576;0.7230623;0.25675;
287;0.7977576;0.7046574;0.348084;
288;0.7977576;0.7057993;0.3377594;
289;0.7983387;0.7181421;0.3419543;
290;0.7983387;0.6786008;0.2904667;
291;0.7983387;0.7046574;0.3220277;
292;0.7983387;0.7212689;0.3802602;
293;0.7983387;0.728712;0.3020966;
294;0.7983387;0.7341864;0.2990906;
295;0.7983387;0.7333702;0.2990906;
296;0.8032268;0.7366318;0.3182071;
297;0.8032268;0.732341;0.3728482;
298;0.8032268;0.7001164;0.3722804;
299;0.8032268;0.7222415;0.390068;
300;0.8032268;0.7144203;0.3270281;
301;0.8032268;0.6741607;0.3463365;
302;0.8032268;0.6639899;0.3463365;
303;0.8032268;0.6900231;0.3379422;
304;0.8032268;0.6986838;0.35683;
305;0.7987244;0.6986838;0.3146941;
306;0.7987244;0.6923743;0.3146941;
307;0.7987244;0.7052288;0.3641526;
308;0.7987244;0.6823213;0.3374189;
309;0.7987244;0.6696183;0.3325883;
310;0.7987244;0.6657615;0.3311773;
311;0.7977387;0.6781244;0.2832465;
312;0.7977387;0.6810411;0.1960798;
313;0.7972556;0.6781244;0.3152283;
314;0.8056591;0.6687502;0.3564687;
315;0.8056591;0.6853241;0.344422;
316;0.7972556;0.6781244;0.3276191;
317;0.8021279;0.6836631;0.314489;
318;0.8021279;0.6934383;0.3197971;
319;0.7972556;0.6811429;0.3132784;
320;0.7972556;0.6895574;0.3517383;
321;0.7972556;0.6870946;0.3769436;
322;0.7982581;0.6626478;0.3914478;
323;0.7968976;0.6616061;0.2415775;
324;0.7968976;0.6616061;0.2591144;
325;0.7968976;0.6714712;0.2591144;
326;0.7899359;0.69322;0.2692326;
327;0.7899359;0.6769163;0.2692326;
328;0.7925525;0.6769163;0.3223999;
329;0.7899359;0.6769019;0.266229;
330;0.7911078;0.6886831;0.3561522;
331;0.7911078;0.6992723;0.2840591;
332;0.7911078;0.6769019;0.3280198;
333;0.8000279;0.6703196;0.2801964;
334;0.8000279;0.6668535;0.3127054;
335;0.8000279;0.7093473;0.3259233;
336;0.8000279;0.6723826;0.3259233;
337;0.7941329;0.6758811;0.2995274;
338;0.7928039;0.6938835;0.3500193;
339;0.790701;0.6938835;0.3150773;
340;0.790701;0.6938835;0.3027507;
341;0.790701;0.6999561;0.3233449;
342;0.7890172;0.6963775;0.3437228;
343;0.7924309;0.705417;0.3437228;
344;0.8030617;0.7294548;0.3109505;
345;0.8030617;0.7206454;0.3761638;
346;0.8030617;0.6876563;0.2615988;
347;0.8030617;0.6586818;0.3069229;
348;0.7956139;0.6567669;0.3069229;
349;0.7956139;0.6606126;0.3069229;
350;0.7956139;0.6666713;0.3065442;
351;0.7950182;0.6826999;0.3353549;
352;0.8013315;0.687693;0.3149167;
353;0.8013315;0.71465;0.3161126;
354;0.7955745;0.71465;0.2487628;
355;0.7955745;0.6654709;0.2487628;
356;0.7955745;0.6641785;0.2936319;
357;0.7955745;0.6946198;0.332555;
358;0.8005937;0.7208642;0.2612303;
359;0.8005937;0.6946198;0.3088148;
360;0.7962531;0.700385;0.3241556;
361;0.7962531;0.7083706;0.3241556;
362;0.7987866;0.7047153;0.2156031;
363;0.7987866;0.7047153;0.2156031;
364;0.7986417;0.7156072;0.3783363;
365;0.7986417;0.6739005;0.3005311;
366;0.7986417;0.6743528;0.2887832;
367;0.7986417;0.6559878;0.3167918;
368;0.7986417;0.6941255;0.3402648;
369;0.7986417;0.7042358;0.2762258;
370;0.7986417;0.7028738;0.2706979;
371;0.7957207;0.6834879;0.3191918;
372;0.7996306;0.6854491;0.3191918;
373;0.8011196;0.6854491;0.3576347;
374;0.8011196;0.6834879;0.267403;
375;0.8011196;0.6529039;0.3542373;
376;0.8011196;0.6689959;0.2448113;
377;0.8011196;0.6823052;0.3281121;
378;0.8011196;0.6825806;0.3281121;
379;0.8011196;0.6959939;0.3056255;
380;0.8011196;0.6823052;0.3374662;
381;0.8011196;0.6919792;0.3194809;
382;0.8011196;0.6696206;0.3200132;
383;0.8011196;0.6797734;0.2822649;
384;0.8011196;0.7166224;0.2878811;
385;0.8011196;0.6872116;0.3412053;
386;0.8011196;0.6783044;0.3014884;
387;0.8011196;0.673992;0.2652565;
388;0.8011196;0.670458;0.2669196;
389;0.8011196;0.6832218;0.2946258;
390;0.8011196;0.6814234;0.2848009;
391;0.8011196;0.6624228;0.2946258;
392;0.8078853;0.6751642;0.2264623;
393;0.8078853;0.7100555;0.3481974;
394;0.8078853;0.6844783;0.2078058;
395;0.7886473;0.6624123;0.2078058;
396;0.7886473;0.6741546;0.3286574;
397;0.7934611;0.6875593;0.3270808;
398;0.7875283;0.6741521;0.3175257;
399;0.7904906;0.6741546;0.3101475;
400;0.7904906;0.6775311;0.2832781;
401;0.7928422;0.672225;0.2832781;
402;0.7928422;0.6832483;0.3208502;
403;0.7928422;0.6832483;0.3751267;
404;0.7928422;0.6791459;0.3341866;
405;0.7976068;0.6846101;0.3345954;
406;0.8010054;0.6763166;0.2904736;
407;0.8010054;0.6967502;0.2904736;
408;0.8010054;0.6770515;0.2904736;
409;0.8010054;0.68643;0.2998055;
410;0.8010054;0.710126;0.2508397;
411;0.8010054;0.7192829;0.3263876;
412;0.8010515;0.7208294;0.2546184;
413;0.8010515;0.7300273;0.257642;
414;0.8010515;0.7158695;0.257642;
415;0.8010515;0.6967502;0.3363084;
416;0.8010515;0.684043;0.301727;
417;0.8010515;0.6525424;0.2922733;
418;0.8010515;0.6856941;0.301727;
419;0.796557;0.6711749;0.2726091;
420;0.7972569;0.6711749;0.2726091;
421;0.7972569;0.6792309;0.321685;
422;0.7972569;0.6812456;0.321685;
423;0.7972569;0.6739393;0.1956689;
424;0.7963234;0.6936163;0.3180553;
425;0.7963234;0.6861619;0.3347144;
426;0.7922068;0.6739393;0.2791556;
427;0.7927597;0.6739393;0.2599439;
428;0.7927597;0.6672613;0.2599439;
429;0.7927597;0.6695561;0.2848528;
430;0.7922068;0.6683073;0.3130584;
431;0.7945691;0.669077;0.2996107;
432;0.7945691;0.6916632;0.2996107;
433;0.7905256;0.6685342;0.2996107;
434;0.7905256;0.6852183;0.3106427;
435;0.7905256;0.6852183;0.3188277;
436;0.7905256;0.7102467;0.3228496;
437;0.7905256;0.6937734;0.3228496;
438;0.7897969;0.6856189;0.246379;
439;0.7897969;0.6856189;0.246379;
440;0.8025841;0.6923367;0.3248507;
441;0.8025841;0.6726834;0.3231214;
442;0.8025841;0.6584744;0.2717035;
443;0.7897637;0.6764764;0.2826981;
444;0.7897637;0.7120844;0.3221815;
445;0.7897637;0.6902312;0.3354232;
446;0.7933372;0.6853847;0.2681988;
447;0.7933372;0.6782504;0.2986482;
448;0.7933372;0.7040827;0.3025534;
449;0.792315;0.7366148;0.3025534;
450;0.7929451;0.696766;0.3142997;
451;0.7929451;0.6789348;0.2225886;
452;0.7929451;0.6906342;0.2527525;
453;0.7929451;0.7228224;0.2527525;
454;0.7929451;0.69425;0.2527525;
455;0.7902416;0.6641901;0.2527525;
456;0.7902416;0.6769575;0.2527525;
457;0.7996219;0.6641901;0.2730333;
458;0.7902416;0.6660446;0.2730333;
459;0.7902416;0.6624702;0.3593961;
460;0.7902416;0.6688214;0.2999955;
461;0.7904183;0.6736381;0.2999955;
462;0.7889832;0.674118;0.2882336;
463;0.7889754;0.6777166;0.3218035;
464;0.7889754;0.7151655;0.3226051;
465;0.7889754;0.6926867;0.2395191;
466;0.7911015;0.6971933;0.3372194;
467;0.7911015;0.6777166;0.3086633;
468;0.7892277;0.7091104;0.2860437;
469;0.7862813;0.6971933;0.3056077;
470;0.7890409;0.698745;0.3056077;
471;0.7890409;0.6750973;0.3253897;
472;0.7890409;0.707117;0.3946865;
473;0.7890409;0.7311603;0.3536614;
474;0.800852;0.7366508;0.3252451;
475;0.800852;0.7341795;0.3382885;
476;0.8000155;0.7314547;0.3565057;
477;0.8000155;0.6780866;0.3386822;
478;0.791391;0.6973161;0.2994944;
479;0.791391;0.6994942;0.2994944;
480;0.791391;0.7312716;0.2937189;
481;0.791391;0.7305233;0.2937189;
482;0.7958047;0.7358112;0.2530353;
483;0.7958047;0.7314547;0.3299012;
484;0.7958047;0.7128727;0.3299012;
485;0.7958047;0.690599;0.3528973;
486;0.7895525;0.6986063;0.3528973;
487;0.7883869;0.7016674;0.3278615;
488;0.7903306;0.7142744;0.3405515;
489;0.790768;0.7283358;0.2908131;
490;0.790768;0.7197115;0.3924189;
491;0.7931559;0.7283116;0.2527125;
492;0.790768;0.7241145;0.3004048;
493;0.790768;0.7283358;0.3740055;
494;0.7887493;0.6999228;0.3634185;
495;0.8000463;0.70757;0.3679403;
496;0.8000463;0.6889918;0.3061733;
497;0.8000463;0.6896467;0.3061733;
498;0.8000463;0.7142744;0.3171808;
499;0.8000463;0.7326041;0.3120499;
500;0.8000463;0.7326041;0.3529038;
501;0.8000463;0.7241145;0.3084865;
502;0.8000463;0.6940644;0.242206;
503;0.8000463;0.6831095;0.242206;
504;0.8000463;0.6691542;0.2764136;
505;0.8000463;0.6607002;0.2764136;
506;0.8000463;0.6545135;0.3076209;
507;0.8000463;0.6533491;0.3076209;
508;0.7931782;0.6539033;0.2952113;
509;0.7931782;0.6737759;0.2942918;
510;0.7941377;0.6457058;0.2952113;
511;0.7941377;0.6651411;0.2624834;
512;0.7941377;0.6737759;0.3691014;
513;0.7941377;0.6737759;0.304927;
514;0.7941377;0.6520292;0.304927;
515;0.799442;0.6680157;0.304927;
516;0.799442;0.6813055;0.3143272;
517;0.7903469;0.6826141;0.3330196;
518;0.7903469;0.6743401;0.3232361;
519;0.7867127;0.6772866;0.3458277;
520;0.7848604;0.7272311;0.338551;
521;0.7917995;0.7146453;0.3066769;
522;0.7848604;0.7224975;0.3658888;
523;0.7848604;0.7096919;0.2736545;
524;0.7835701;0.6971823;0.2880535;
525;0.7847092;0.6829381;0.2880535;
526;0.7847092;0.7106013;0.2968608;
527;0.7847092;0.7039157;0.3612298;
528;0.8056564;0.686103;0.3612298;
529;0.8056564;0.7106013;0.3323778;
530;0.8056564;0.682934;0.291752;
531;0.8056564;0.6781163;0.3229446;
532;0.8056564;0.6787595;0.2105238;
533;0.8056564;0.6767395;0.3468122;
534;0.8056564;0.6773278;0.3507323;
535;0.7917209;0.6821907;0.2863314;
536;0.7915874;0.6590306;0.2824006;
537;0.7915874;0.6550502;0.3162809;
538;0.7828724;0.686103;0.3492284;
539;0.7828724;0.6839226;0.3434691;
540;0.792811;0.68492;0.3345689;
541;0.7876856;0.68492;0.2702307;
542;0.7934488;0.673362;0.2702307;
543;0.7955312;0.674733;0.2882282;
544;0.8131687;0.6837951;0.2766516;
545;0.8058905;0.6687988;0.3047418;
546;0.7978275;0.6691141;0.3218175;
547;0.8063993;0.6748682;0.2982482;
548;0.8063993;0.6981674;0.2526971;
549;0.8063993;0.6981674;0.3080227;
550;0.8063993;0.7071874;0.3546301;
551;0.8063993;0.7109079;0.3212237;
552;0.8096883;0.7203064;0.1909304;
553;0.8096883;0.7203064;0.3087648;
554;0.8096883;0.7071874;0.3230043;
555;0.8096883;0.7000108;0.2752445;
556;0.8096883;0.7035229;0.2342153;
557;0.8096883;0.7035229;0.2342153;
558;0.8096883;0.6922364;0.2727531;
559;0.8096883;0.6922364;0.3385;
560;0.8096883;0.6836773;0.3073224;
561;0.8096883;0.6830619;0.3350858;
562;0.7912136;0.6836773;0.286623;
563;0.7912136;0.7025539;0.2868175;
564;0.7912136;0.7025539;0.2868175;
565;0.789484;0.6906181;0.3013186;
566;0.7901808;0.6895889;0.3743788;
567;0.789484;0.677932;0.3093949;
568;0.7977627;0.6823903;0.2412145;
569;0.8090914;0.6734781;0.3745358;
570;0.8090914;0.695998;0.2659077;
571;0.8090914;0.7312439;0.2659077;
572;0.8090914;0.6844411;0.3166902;
573;0.8090914;0.673162;0.3128021;
574;0.8090914;0.6942515;0.3166902;
575;0.8090914;0.6750575;0.3141125;
576;0.8071572;0.6815894;0.3332341;
577;0.8071572;0.6751948;0.3363505;
578;0.8071572;0.6988805;0.3216697;
579;0.8071572;0.7289195;0.2330265;
580;0.8071572;0.6936843;0.3062871;
581;0.8071572;0.7118585;0.3135272;
582;0.8071572;0.6826918;0.3135272;
583;0.8071572;0.6642818;0.2959285;
584;0.8071572;0.6819546;0.2709301;
585;0.8071572;0.67932;0.3051319;
586;0.7986917;0.6579645;0.3051319;
587;0.7983401;0.6723711;0.3036073;
588;0.7983401;0.6695981;0.2868076;
589;0.7922354;0.6940421;0.3565467;
590;0.7922354;0.7026168;0.3109579;
591;0.7922354;0.6810791;0.2679325;
592;0.7922354;0.6776701;0.3106903;
593;0.7922354;0.6810791;0.3006784;
594;0.7922354;0.6688091;0.2970064;
595;0.795263;0.6651093;0.3115368;
596;0.795263;0.6687122;0.2936985;
597;0.7910194;0.6651093;0.276625;
598;0.7910194;0.6810791;0.2854998;
599;0.7910194;0.686111;0.2854998;
600;0.7910194;0.7036158;0.2837558;
601;0.7910194;0.7298881;0.2708104;
602;0.7978478;0.7221382;0.2738242;
603;0.7910194;0.7112833;0.2738242;
604;0.7948787;0.7080528;0.2738242;
605;0.8072369;0.7069719;0.3733214;
606;0.8072369;0.7069719;0.3369634;
607;0.8072369;0.6832938;0.3121284;
608;0.8072369;0.6762615;0.3233463;
609;0.7994128;0.6798979;0.3724478;
610;0.7994128;0.6929483;0.3257894;
611;0.7994128;0.7256803;0.3257894;
612;0.7994128;0.7326918;0.3697729;
613;0.7994128;0.7326164;0.3348159;
614;0.7994128;0.705909;0.2982078;
615;0.7942808;0.7275753;0.306286;
616;0.791641;0.6749232;0.3372623;
617;0.791641;0.7021153;0.3181081;
618;0.791641;0.6749232;0.3126474;
619;0.791641;0.6692351;0.3126474;
620;0.804709;0.6643268;0.3126474;
621;0.804709;0.6789639;0.3401922;
622;0.804709;0.6741432;0.3068007;
623;0.804709;0.6671337;0.2655675;
624;0.7876451;0.6671337;0.2939685;
625;0.7876451;0.7212929;0.2278997;
626;0.7876451;0.7136642;0.2278997;
627;0.7876451;0.7211577;0.2936679;
628;0.7876451;0.7140425;0.2936679;
629;0.7876451;0.7037838;0.3247652;
630;0.7876451;0.7107532;0.3169853;
631;0.7894614;0.673316;0.3169853;
632;0.7894614;0.7070413;0.3146092;
633;0.7894614;0.7346518;0.3146092;
634;0.7894614;0.7125362;0.3001241;
635;0.7894614;0.7280336;0.3001241;
636;0.7894614;0.7204441;0.3605751;
637;0.7877873;0.7333073;0.3605751;
638;0.7877873;0.7241229;0.3227187;
639;0.7932303;0.7153525;0.3040697;
640;0.7932303;0.6889119;0.3513184;
641;0.7932303;0.6753922;0.2997809;
642;0.7932303;0.6883795;0.3261304;
643;0.7932303;0.6868448;0.2931269;
644;0.7932303;0.6899716;0.3453445;
645;0.791796;0.6886303;0.2694829;
646;0.7976834;0.6973601;0.3044084;
647;0.7976834;0.7201444;0.2349078;
648;0.7976834;0.700735;0.323955;
649;0.7976834;0.6967981;0.3485595;
650;0.7976834;0.6874132;0.3539257;
651;0.8103089;0.6712576;0.312957;
652;0.8103089;0.6909798;0.3432398;
653;0.7974677;0.7064141;0.3489903;
654;0.7974677;0.6999097;0.3489903;
655;0.7895978;0.6803275;0.2702664;
656;0.7880598;0.6873899;0.3151104;
657;0.7829858;0.6763304;0.3179631;
658;0.7924219;0.6968681;0.3189516;
659;0.7941044;0.6855945;0.2509598;
660;0.7941044;0.7056087;0.3354508;
661;0.7941044;0.7011912;0.3371358;
662;0.7914922;0.7100326;0.3250208;
663;0.7914922;0.7011912;0.3250208;
664;0.7969556;0.7277131;0.3261642;
665;0.7969556;0.6868683;0.3261642;
666;0.7969556;0.6868683;0.2539961;
667;0.7969556;0.6865861;0.3057129;
668;0.7969556;0.7020173;0.3185562;
669;0.7969556;0.7057363;0.2962078;
670;0.7969556;0.6938292;0.2951314;
671;0.7914922;0.690661;0.3310732;
672;0.8025659;0.6716096;0.3357792;
673;0.8025659;0.7375013;0.3097705;
674;0.8025659;0.7304583;0.2995096;
675;0.7940834;0.7334896;0.2995096;
676;0.7940834;0.7304583;0.2995096;
677;0.7940834;0.7379347;0.3656371;
678;0.7940834;0.738355;0.3089162;
679;0.7953137;0.7309994;0.2660805;
680;0.7968912;0.7254387;0.2998781;
681;0.7968912;0.7347146;0.3062585;
682;0.7968912;0.7183549;0.3052499;
683;0.7968912;0.6791084;0.203877;
684;0.7968912;0.683439;0.2876347;
685;0.7968912;0.683439;0.2876347;
686;0.7968912;0.7144557;0.2876347;
687;0.7968912;0.7083076;0.2876347;
688;0.8038782;0.7276994;0.3241529;
689;0.8038782;0.7282208;0.314891;
690;0.7973611;0.7282208;0.3129745;
691;0.7983043;0.7071196;0.3057696;
692;0.7983043;0.6761682;0.290307;
693;0.7983043;0.6611137;0.290307;
694;0.7983043;0.6615091;0.2828245;
695;0.7983043;0.6785298;0.290307;
696;0.7976222;0.6808777;0.3242247;
697;0.7976222;0.6801917;0.3171182;
698;0.7976222;0.6622126;0.3001922;
699;0.7976222;0.6654428;0.3307701;
700;0.7922475;0.6654428;0.3571355;
701;0.7922475;0.6685429;0.2906948;
702;0.7871023;0.6583087;0.2686689;
703;0.7871023;0.6571524;0.3025532;
704;0.7852998;0.6557159;0.3025532;
705;0.7862043;0.664015;0.3632116;
706;0.7953004;0.6599033;0.3226854;
707;0.7849214;0.6716932;0.3226854;
708;0.7953812;0.6735002;0.3685433;
709;0.7953812;0.6948483;0.2830712;
710;0.7953812;0.6798535;0.330805;
711;0.7953812;0.7214124;0.2573003;
712;0.8098138;0.698027;0.295401;
713;0.7940433;0.7239721;0.3288193;
714;0.7940433;0.7140902;0.3097135;
715;0.7940433;0.720144;0.2896138;
716;0.7940433;0.6972553;0.2568689;
717;0.7940433;0.6896168;0.354183;
718;0.7931217;0.6633794;0.3790301;
719;0.7931217;0.6738186;0.3141491;
720;0.7931217;0.6896168;0.330007;
721;0.7931217;0.7024064;0.3737677;
722;0.7931217;0.6988466;0.321531;
723;0.7992766;0.6785678;0.303621;
724;0.7992766;0.6812927;0.321531;
725;0.7992766;0.6812927;0.2825056;
726;0.7992766;0.6598345;0.2825056;
727;0.7992766;0.6882241;0.198423;
728;0.7992766;0.6857986;0.198423;
729;0.7893759;0.6628845;0.3409522;
730;0.7951895;0.681803;0.3512812;
731;0.7951895;0.6857986;0.2441916;
732;0.7951895;0.6816648;0.2441916;
733;0.7951895;0.6857986;0.2441916;
734;0.7987986;0.6857986;0.3387062;
735;0.7987986;0.6908518;0.3197999;
736;0.7987986;0.7279882;0.3559481;
737;0.7932036;0.7176541;0.2858073;
738;0.7934667;0.7176541;0.2377523;
739;0.7934667;0.7241822;0.2377523;
740;0.7934667;0.7241822;0.2377523;
741;0.7934667;0.7253754;0.308589;
742;0.7943346;0.7253754;0.2852168;
743;0.7943346;0.7010641;0.2852168;
744;0.7943346;0.736937;0.3173655;
745;0.7943346;0.7254495;0.2729068;
746;0.7943346;0.736937;0.2376795;
747;0.7943346;0.7377868;0.2671739;
748;0.7943346;0.7348827;0.3659348;
749;0.7943346;0.7170047;0.3043796;
750;0.8063862;0.6672091;0.2952995;
751;0.8015049;0.6806746;0.2952995;
752;0.796194;0.6806746;0.3590566;
753;0.796194;0.69164;0.356863;
754;0.796194;0.6709108;0.2654904;
755;0.7964838;0.6937215;0.2874064;
756;0.7964838;0.7334813;0.3130052;
757;0.7964838;0.6942641;0.3321015;
758;0.7964838;0.7140195;0.2961755;
759;0.7964267;0.7196951;0.3674202;
760;0.7964267;0.7274835;0.2905867;
761;0.8021333;0.7156617;0.3183488;
762;0.8021333;0.69577;0.2860316;
763;0.7964267;0.7225431;0.263144;
764;0.7964267;0.6888092;0.263144;
765;0.7964267;0.7345892;0.3162882;
766;0.7894722;0.7345892;0.2874159;
767;0.7894722;0.72074;0.2611734;
768;0.7894722;0.714181;0.2611734;
769;0.7894722;0.7060302;0.3304782;
770;0.7883765;0.6942508;0.2346697;
771;0.7862283;0.6916886;0.2733215;
772;0.7862283;0.6879666;0.3456104;
773;0.7973291;0.6762822;0.3004871;
774;0.7954585;0.6740768;0.33435;
775;0.7862283;0.718854;0.2933433;
776;0.7903873;0.718854;0.372209;
777;0.7903873;0.701243;0.3573993;
778;0.7903873;0.6791825;0.2633966;
779;0.7903873;0.6770304;0.2888156;
780;0.7996325;0.7014938;0.2888156;
781;0.7953876;0.6842748;0.2602945;
782;0.8009917;0.7198603;0.2888156;
783;0.8009917;0.6999568;0.2888156;
784;0.7953876;0.7133465;0.3161013;
785;0.7953876;0.7152563;0.3159298;
786;0.7954381;0.7281947;0.3683504;
787;0.7954381;0.7281947;0.3174314;
788;0.7954381;0.7281947;0.3174314;
789;0.7953876;0.7186712;0.3174314;
790;0.7903873;0.692951;0.2523597;
791;0.7903873;0.7344325;0.3612423;
792;0.7909591;0.6878069;0.2639029;
793;0.8016718;0.7293576;0.3201152;
794;0.8016718;0.7280506;0.3180766;
795;0.8016718;0.7265425;0.3211441;
796;0.8016718;0.7253481;0.2596838;
797;0.7900766;0.6897795;0.2596838;
798;0.7900766;0.6999029;0.3211441;
799;0.7984703;0.6784987;0.3520819;
800;0.7984703;0.7260976;0.3454191;
801;0.7984703;0.7149971;0.3454191;
802;0.7984703;0.7247198;0.3124318;
803;0.7984703;0.7228114;0.3178121;
804;0.7984703;0.7170077;0.348994;
805;0.8002272;0.7062265;0.3284085;
806;0.8072361;0.7233808;0.2505522;
807;0.8072361;0.734661;0.2847204;
808;0.8072361;0.6895787;0.329273;
809;0.8072361;0.6819257;0.3588026;
810;0.8072361;0.6819257;0.3278248;
811;0.8072361;0.6876933;0.3780798;
812;0.7892082;0.6876933;0.2359286;
813;0.7841929;0.6771978;0.324058;
814;0.7891884;0.6749308;0.3286138;
815;0.7971034;0.6607074;0.2712265;
816;0.7971034;0.6492857;0.2577663;
817;0.794241;0.6617959;0.2676171;
818;0.794241;0.671945;0.342864;
819;0.7910246;0.6676899;0.2372281;
820;0.7910246;0.6605371;0.2891321;
821;0.7910246;0.6570028;0.2891321;
822;0.7910246;0.6701806;0.2982408;
823;0.7910246;0.6727085;0.2264913;
824;0.7910246;0.7040254;0.2974;
825;0.7883929;0.7066854;0.304534;
826;0.7883929;0.6849128;0.3365869;
827;0.7865615;0.6517369;0.3180347;
828;0.7892374;0.6633199;0.3229614;
829;0.7911559;0.6973374;0.2977696;
830;0.7911559;0.7125598;0.330763;
831;0.7911559;0.6939398;0.3192519;
832;0.7911559;0.6902195;0.2772288;
833;0.7911559;0.7180597;0.3493081;
834;0.7911559;0.6973374;0.3552748;
835;0.7911559;0.6973374;0.314247;
836;0.7892374;0.6789094;0.3048195;
837;0.7996979;0.7012926;0.3048195;
838;0.7996979;0.6906678;0.3016609;
839;0.7996979;0.7078454;0.3048195;
840;0.7996979;0.7012926;0.3048195;
841;0.7996979;0.6765127;0.3183407;
842;0.7996979;0.6789094;0.309479;
843;0.7907462;0.7078454;0.2577852;
844;0.7907462;0.6974088;0.2925653;
845;0.8006709;0.729246;0.3147342;
846;0.8006709;0.7276469;0.3282469;
847;0.8006709;0.7220249;0.3071356;
848;0.8006709;0.7031772;0.3071356;
849;0.8006709;0.7287239;0.3071356;
850;0.8006709;0.7129934;0.2931743;
851;0.7963893;0.6798642;0.2890864;
852;0.7963893;0.6830194;0.2890864;
853;0.7989302;0.6830194;0.3030562;
854;0.7989302;0.729172;0.3341928;
855;0.7989302;0.7245243;0.2829267;
856;0.7989302;0.7284209;0.2829267;
857;0.7942823;0.7267954;0.2856458;
858;0.7942823;0.7191105;0.3884737;
859;0.7942823;0.6919502;0.3063097;
860;0.7970012;0.6617316;0.3063097;
861;0.7970012;0.6721782;0.2834841;
862;0.7905912;0.6757919;0.3247351;
863;0.7995422;0.6721782;0.2199812;
864;0.7995422;0.6660573;0.2199812;
865;0.7995422;0.6838166;0.3457347;
866;0.7995422;0.683875;0.2534764;
867;0.7995422;0.7052079;0.2534764;
868;0.7995422;0.7191786;0.3289242;
869;0.7995422;0.7112529;0.3169018;
870;0.7995422;0.717672;0.2617605;
871;0.801734;0.711867;0.2617605;
872;0.801734;0.7080448;0.2617605;
873;0.801734;0.7315024;0.2617605;
874;0.7997526;0.7080448;0.2791128;
875;0.799616;0.7080448;0.3522872;
876;0.7943735;0.7077268;0.3474506;
877;0.7943735;0.6935112;0.3307044;
878;0.7981216;0.6648262;0.3061247;
879;0.7981216;0.6371291;0.276696;
880;0.7981216;0.6722651;0.3084389;
881;0.7981216;0.6904281;0.3426127;
882;0.7981216;0.7032049;0.3159082;
883;0.8013027;0.7023348;0.3436758;
884;0.8013027;0.723485;0.304308;
885;0.8013027;0.7381688;0.2986595;
886;0.8013027;0.7032049;0.3046686;
887;0.8013027;0.666191;0.2543958;
888;0.8013027;0.6842659;0.3440755;
889;0.7936167;0.6804852;0.3093253;
890;0.8006041;0.6899435;0.2709908;
891;0.7907407;0.7073297;0.2709908;
892;0.7907407;0.7178342;0.2709908;
893;0.7966146;0.7317144;0.2972889;
894;0.7966146;0.7178342;0.2843876;
895;0.7966146;0.7266433;0.3511345;
896;0.7966146;0.7178342;0.282495;
897;0.7966146;0.6915911;0.2990163;
898;0.7966146;0.6610285;0.2930844;
899;0.7966146;0.6590998;0.3379438;
900;0.7954006;0.6866339;0.276115;
901;0.7954006;0.664061;0.3002233;
902;0.7954006;0.6685116;0.3297371;
903;0.7997656;0.6747416;0.3564762;
904;0.8173727;0.6907383;0.2626959;
905;0.8173727;0.6907383;0.3197791;
906;0.8173727;0.6625121;0.3154073;
907;0.8173727;0.6519074;0.3478345;
908;0.7899384;0.6783262;0.3861532;
909;0.7899384;0.690038;0.3014162;
910;0.7890771;0.6822233;0.3289815;
911;0.7890771;0.6852945;0.3713756;
912;0.7875862;0.6961833;0.2707856;
913;0.7898237;0.7007052;0.3090329;
914;0.7898237;0.7127537;0.3090329;
915;0.7871954;0.7188046;0.2991188;
916;0.7871954;0.7229227;0.380327;
917;0.7948112;0.7060728;0.2317661;
918;0.7948112;0.7160235;0.2963552;
919;0.7948112;0.6727759;0.3228195;
920;0.7948112;0.680603;0.277283;
921;0.7948112;0.6727759;0.2810196;
922;0.7948112;0.6836891;0.3356268;
923;0.7954543;0.6985083;0.3544363;
924;0.7954543;0.6683304;0.2516659;
925;0.7954543;0.6874627;0.2567934;
926;0.7956532;0.6677448;0.303433;
927;0.7956532;0.6678745;0.3448949;
928;0.7956532;0.6832001;0.3452408;
929;0.7956532;0.7081679;0.3125407;
930;0.7956532;0.7017063;0.3125407;
931;0.7956532;0.7066087;0.3125407;
932;0.7956532;0.7049913;0.3125407;
933;0.8101313;0.7049913;0.3532827;
934;0.7956532;0.6772817;0.2945866;
935;0.7956532;0.6681604;0.2945866;
936;0.7956532;0.6772817;0.3125896;
937;0.7956532;0.6740465;0.307381;
938;0.7956532;0.6778873;0.3267251;
939;0.7956532;0.7174149;0.3027003;
940;0.7956532;0.7052271;0.3141168;
941;0.7956532;0.7083413;0.3141168;
942;0.7956532;0.7006804;0.3141168;
943;0.7956532;0.6820719;0.2909057;
944;0.7956532;0.713652;0.2909057;
945;0.7956532;0.7132117;0.2909057;
946;0.7956532;0.7201537;0.2922114;
947;0.7956532;0.744882;0.3455551;
948;0.7945565;0.7381066;0.3734708;
949;0.7957732;0.7327187;0.3734708;
950;0.7978556;0.66768;0.357282;
951;0.7978556;0.6649416;0.3214683;
952;0.7978556;0.7027315;0.2894114;
953;0.7978556;0.7015784;0.3591614;
954;0.7978556;0.6840568;0.3250912;
955;0.8030266;0.6751735;0.3250912;
956;0.8030266;0.6751735;0.2531408;
957;0.7897981;0.6766892;0.3135827;
958;0.8059121;0.6740431;0.3135827;
959;0.8059121;0.670778;0.3006041;
960;0.80926;0.6813976;0.3135827;
961;0.80926;0.6878829;0.3289855;
962;0.8059121;0.6770788;0.3374583;
963;0.8059121;0.6811385;0.3923152;
964;0.8037043;0.690623;0.2652588;
965;0.8037043;0.7217516;0.3425783;
966;0.8037043;0.7353079;0.3128138;
967;0.8037043;0.7244698;0.2507727;
968;0.8002322;0.6844572;0.2261684;
969;0.8002322;0.6600628;0.2507727;
970;0.8002322;0.6655154;0.2507727;
971;0.8002322;0.6739775;0.3166377;
972;0.7973053;0.67036;0.3099897;
973;0.7973053;0.6677395;0.3667619;
974;0.7973053;0.6513516;0.3461025;
975;0.7973053;0.683435;0.3544265;
976;0.7910851;0.6801615;0.3437293;
977;0.7910851;0.689911;0.312007;
978;0.7917373;0.7060313;0.3345456;
979;0.7917373;0.6762056;0.3545693;
980;0.7917373;0.7147904;0.3562052;
981;0.7967253;0.7228794;0.3054281;
982;0.7967253;0.7093651;0.2863726;
983;0.7967253;0.689911;0.2863726;
984;0.7967253;0.689911;0.2863726;
985;0.7980516;0.7166119;0.2863726;
986;0.7980516;0.6940212;0.2863726;
987;0.7997904;0.6917366;0.2353082;
988;0.7997904;0.6877416;0.3398283;
989;0.7972529;0.6878341;0.3335262;
990;0.7972529;0.6867889;0.2743764;
991;0.7972529;0.6642878;0.2743764;
992;0.7952977;0.6781067;0.1847396;
993;0.7952977;0.6894492;0.1847396;
994;0.7918725;0.7081667;0.3018596;
995;0.792478;0.6714771;0.3018596;
996;0.792478;0.6815923;0.2757689;
997;0.8127881;0.6714771;0.2977408;
998;0.8127881;0.6815923;0.3057099;
999;0.8127881;0.6846263;0.3555159;
1000;0.8127881;0.671005;0.3503629;
1001;0.8127881;0.6815923;0.2575441;
